run,pulse,intensity_w_cm2,H1,H2,H3,H4,H5,H6,H7,H8,H9,H10,H11,H12,H13,H14
bcp_I=1.5e12_run2,bicircular,1500000000000.0,1.1248e-03,3.1206e-02,2.7003e-06,2.7630e-03,4.2683e-03,8.1352e-03,3.9787e-02,2.0042e-02,9.3086e-06,1.5076e-04,6.2103e-04,7.0412e-06,8.2295e-05,4.9282e-05
bcp_I=1.5e12,bicircular,1500000000000.0,1.1248e-03,3.1207e-02,2.6200e-06,2.7613e-03,4.2655e-03,8.1180e-03,3.9807e-02,2.0039e-02,9.6748e-06,1.5070e-04,6.2155e-04,7.1330e-06,8.2259e-05,4.9249e-05
bcp_pumpprobe,bicircular,,8.4399e-04,2.0439e-02,1.4905e-06,1.5740e-03,2.3867e-03,1.6989e-04,1.4227e-02,1.0211e-02,3.2167e-06,7.3690e-05,3.7022e-04,1.1474e-06,4.4153e-05,2.6874e-05
cp_I=1.5e12,collinear,1500000000000.0,7.5271e-04,2.8271e-02,2.0396e-04,2.2960e-03,1.4498e-03,1.1998e-02,2.0940e-02,2.0724e-02,2.5702e-03,2.2032e-03,1.5972e-03,1.1466e-03,1.6049e-03,2.3782e-04
cp_I=5e12,collinear,5000000000000.0,2.3698e-02,5.7253e-02,7.8238e-03,5.0631e-02,4.2054e-02,2.8720e-02,4.7295e-02,3.6827e-02,3.7792e-02,4.1318e-02,3.0911e-02,2.0008e-02,7.2124e-03,8.4571e-03
lp_I=1.5e12,linear,1500000000000.0,1.8721e-03,1.2560e-05,1.4718e-05,9.4616e-07,8.2723e-06,1.4646e-04,1.5412e-04,2.6496e-04,7.2110e-05,1.7965e-05,5.0713e-05,3.8261e-06,2.6691e-05,1.3686e-06
lp_I=1e11,linear,100000000000.0,1.2539e-04,4.8284e-08,2.9157e-09,2.7811e-10,7.8562e-10,1.8547e-09,4.7449e-09,1.0575e-10,2.5469e-10,3.6570e-11,3.7585e-10,2.9479e-11,3.5866e-10,1.9081e-11
lp_I=1e12,linear,1000000000000.0,1.2646e-03,5.2975e-06,4.2422e-06,3.7063e-07,7.0620e-06,5.5811e-05,5.4130e-05,1.7955e-05,1.0510e-05,8.2472e-07,7.0002e-06,4.7109e-07,8.5633e-07,4.3277e-08
lp_I=5e12,linear,5000000000000.0,3.1567e-03,1.3253e-04,7.7966e-04,6.5735e-05,7.8081e-04,2.7974e-03,2.4758e-03,6.7591e-04,1.2448e-03,2.5752e-04,4.9062e-04,1.5311e-04,3.4774e-04,1.5920e-05
